threshold	seed_spec	score	seconds	run_dir
1.00	1,1000	152535.906257	13.296	benchmarks/20260625T030041Z_scanthr_hi_s1_p1p00
0.80	1,1000	153624.681174	12.096	benchmarks/20260625T030029Z_scanthr_hi_s1_p0p80
0.70	1,1000	154567.466820	11.801	benchmarks/20260625T030017Z_scanthr_hi_s1_p0p70
0.60	1,1000	156109.112369	11.941	benchmarks/20260625T030006Z_scanthr_hi_s1_p0p60
0.55	1,1000	157397.226650	12.076	benchmarks/20260625T025953Z_scanthr_hi_s1_p0p55
0.50	1,1000	157848.628917	11.868	benchmarks/20260625T025942Z_scanthr_hi_s1_p0p50
