threshold	seed_spec	score	seconds	run_dir
1.00	1001,3000	305074.589046	25.511	benchmarks/20260625T030055Z_scanthr_hi_s2_offset1_p1p00
1.00	3001,5000	305221.823023	24.546	benchmarks/20260625T030120Z_scanthr_hi_s2_offset2_p1p00
0.80	1001,3000	309276.327860	23.642	benchmarks/20260625T030145Z_scanthr_hi_s2_offset1_p0p80
0.80	3001,5000	309392.644640	23.075	benchmarks/20260625T030208Z_scanthr_hi_s2_offset2_p0p80
0.70	1001,3000	310622.260140	22.529	benchmarks/20260625T030231Z_scanthr_hi_s2_offset1_p0p70
0.70	3001,5000	311917.887850	22.731	benchmarks/20260625T030254Z_scanthr_hi_s2_offset2_p0p70
