threshold	seed_spec	score	seconds	run_dir
0.50	1,1000	157848.628917	11.629	benchmarks/20260625T025301Z_scanthr_s1_p0p50
0.45	1,1000	158924.597619	11.575	benchmarks/20260625T025250Z_scanthr_s1_p0p45
0.40	1,1000	160239.634595	11.506	benchmarks/20260625T025238Z_scanthr_s1_p0p40
0.35	1,1000	161174.853205	11.400	benchmarks/20260625T025227Z_scanthr_s1_p0p35
0.30	1,1000	162152.762637	11.577	benchmarks/20260625T025215Z_scanthr_s1_p0p30
0.25	1,1000	163411.149821	11.603	benchmarks/20260625T025204Z_scanthr_s1_p0p25
0.20	1,1000	164302.163241	11.768	benchmarks/20260625T025152Z_scanthr_s1_p0p20
