threshold	seed_spec	score	seconds	run_dir
0.50	1001,3000	315293.651289	22.351	benchmarks/20260625T025313Z_scanthr_s2_offset1_p0p50
0.50	3001,5000	318043.179490	22.464	benchmarks/20260625T025335Z_scanthr_s2_offset2_p0p50
0.45	1001,3000	316567.061514	21.864	benchmarks/20260625T025358Z_scanthr_s2_offset1_p0p45
0.45	3001,5000	319527.914087	22.277	benchmarks/20260625T025420Z_scanthr_s2_offset2_p0p45
0.40	1001,3000	318429.290099	22.875	benchmarks/20260625T025442Z_scanthr_s2_offset1_p0p40
0.40	3001,5000	321152.850568	22.364	benchmarks/20260625T025705Z_scanthr_s2_offset2_p0p40
