group	seed	iter23_delta_vs_iter18	branch_turn	heat_cell	policy_cell	beam_cell	score_force_heat	score_force_policy	beam_better	score_delta_policy_minus_heat	heat_rank_of_beam	beam_rank_of_heat	chosen_heat_rank	chosen_beam_rank	beam_states	heat_best	heat_second	beam_best	beam_second	heat_cell_beam	beam_cell_heat	chosen_heat	chosen_beam	beam_entropy	n	remaining_cells
top_loss	7100	+219.000000000000	30	5,13	5,11	8,11	-1.000000000000	337.533043000000	False	+338.533043000000	7	60	3	31	180	1.450317363	1.430985195	1.506099097	1.506099097	0.041836086	1.324574963	1.391850498	1.246715364	3.946946069	20	41
top_loss	9978	+201.000000000000	38	7,9	8,13	8,11	318.100570000000	320.100570000000	False	+2.000000000000	4	20	2	16	172	0.572957156	0.569068532	0.832887866	0.832887866	0.585926929	0.565981373	0.569068532	0.813518381	3.604937386	18	26
top_win	4649	-181.000000000000	78	15,14	11,14	11,9	162.046909000000	158.046909000000	True	-4.000000000000	6	55	4	37	132	0.995232355	0.993755769	1.500603322	1.500603322	0.000000000	0.914077039	0.951229513	0.136418484	3.558241912	20	28
