alpha	single_hit_weight	center_bias	seed_spec	score	seconds	run_dir
0.6000	0.5000	0.0000	1,1000	165398.000000	8.992	benchmarks/20260624T171515Z_tune_s2_a0p60_sh0p50_cb0p0000
0.6000	0.2500	0.0000	1,1000	165488.000000	8.884	benchmarks/20260624T171533Z_tune_s2_a0p60_sh0p25_cb0p0000
0.6000	0.3500	0.0000	1,1000	165493.000000	9.007	benchmarks/20260624T171524Z_tune_s2_a0p60_sh0p35_cb0p0000
0.5000	0.1500	0.0010	1,1000	165885.000000	8.976	benchmarks/20260624T171542Z_tune_s2_a0p50_sh0p15_cb0p0010
0.5000	0.3500	0.0010	1,1000	165932.000000	8.903	benchmarks/20260624T171551Z_tune_s2_a0p50_sh0p35_cb0p0010
