bucket	count	policy2	policy3	policy4	winner	delta_p3_minus_p2	delta_p4_minus_p2
P<=0.10	0	0.000000	0.000000	0.000000	2	0.000000	0.000000
0.10<P<=0.20	517	74303.365019	76764.268359	72960.794935	4	2460.903339	-1342.570084
0.20<P<=0.30	554	80903.029650	83027.005254	79854.690615	4	2123.975603	-1048.339035
0.30<P<=0.50	1129	165731.065026	171483.617583	165227.097521	4	5752.552556	-503.967505
0.50<P<=0.70	1076	165945.155114	174602.537320	172009.516742	2	8657.382205	6064.361627
P>0.70	1724	275949.703515	289543.291602	287865.010271	2	13593.588086	11915.306755
TOTAL	5000	762832.318326	795420.720117	777917.110084	2	32588.401791	15084.791758
