policy	seed_spec	score	seconds	run_dir
2	1001,3000	305074.589046	23.287	benchmarks/20260625T062650Z_scanpol_s2_offset1_pol2
2	3001,5000	305221.823023	23.382	benchmarks/20260625T062713Z_scanpol_s2_offset2_pol2
4	1001,3000	310744.649116	21.288	benchmarks/20260625T062737Z_scanpol_s2_offset1_pol4
4	3001,5000	311412.527225	21.539	benchmarks/20260625T062758Z_scanpol_s2_offset2_pol4
3	1001,3000	316665.203233	22.117	benchmarks/20260625T062820Z_scanpol_s2_offset1_pol3
3	3001,5000	319543.782028	22.317	benchmarks/20260625T062842Z_scanpol_s2_offset2_pol3
