policy	seed_spec	score	seconds	run_dir
2	1,1000	152535.906257	12.236	benchmarks/20260625T062615Z_scanpol_s1_pol2
4	1,1000	155759.933744	11.222	benchmarks/20260625T062639Z_scanpol_s1_pol4
3	1,1000	159211.734855	11.969	benchmarks/20260625T062627Z_scanpol_s1_pol3
0	1,1000	165996.000000	11.581	benchmarks/20260625T062603Z_scanpol_s1_pol0
