bucket	count	iter3_total	iter4_total	delta_iter4_minus_iter3	ratio
low_p_<=0.25	163	25609.000000	26616.677839	1007.677839	1.039349
mid_p_0.25_0.45	238	41591.000000	43504.447797	1913.447797	1.046006
mid_high_p_0.45_0.60	175	29505.000000	29505.000000	0.000000	1.000000
high_p_>0.60	424	72015.000000	72015.000000	0.000000	1.000000
