label	count	sum_cost	mean_cost	median_cost	min_cost	max_cost
random	100	20197.000000	201.970000	194.000000	52.000000	400.000000
current	100	17467.000000	174.670000	162.000000	25.000000	397.000000

metric	value
current_minus_random_sum	-2730.000000
current_over_random_sum	0.864831
