threshold	seed_1_1000	seed_1001_3000	seed_3001_5000	combined	delta_vs_0.50	ratio_vs_0.50
0.20	148114.807370	296232.429430	296556.511442	740903.748242	-912.693459	0.998770
0.25	147673.033399	296704.422478	295901.279304	740278.735181	-1537.706520	0.997927
0.30	147237.877710	296325.777503	296720.753994	740284.409207	-1532.032494	0.997935
0.35	147449.460510	295853.715964	297204.345253	740507.521727	-1308.919974	0.998236
0.40	147638.906123	295981.730585	297653.032643	741273.669351	-542.772350	0.999268
0.50	148363.578124	295786.406477	297666.457100	741816.441701	0.000000	1.000000
0.60	149373.223452	297113.735502	298235.655088	744722.614042	2906.172341	1.003918
0.70	149978.200345	298640.629733	299218.973251	747837.803329	6021.361628	1.008117
