threshold	seeds_1_5000	delta_1_5000	seeds_5001_10000	delta_5001_10000	combined_1_10000	delta_1_10000	ratio_1_10000
0.20	740903.748242	-912.693459	754629.691678	-1675.830364	1495533.439920	-2588.523823	0.998272
0.25	740278.735181	-1537.706520	754752.572380	-1552.949662	1495031.307561	-3090.656182	0.997937
0.30	740284.409207	-1532.032494	754924.271506	-1381.250536	1495208.680713	-2913.283030	0.998055
0.35	740507.521727	-1308.919974	754913.392377	-1392.129665	1495420.914104	-2701.049639	0.998197
0.50	741816.441701	0.000000	756305.522042	0.000000	1498121.963743	0.000000	1.000000
